{
    "normals":[-0.528498,0.664364,0.528498,-0.528498,0.664364,-0.528498,0.528498,0.664364,-0.528498,0.528498,0.664364,0.528498,0,0,0,0.677973,-0.284088,0.677973,0.677973,-0.284088,-0.677973,-0.677973,-0.284088,-0.677973,-0.677973,-0.284088,0.677973],
    "vertices":[0,-0.45,1.96701e-08,0,0.45,-1.96701e-08,0,-0.45,1.96701e-08,0,0.45,-1.96701e-08,0,-0.45,1.96701e-08,0,0.45,-1.96701e-08,0,-0.45,1.96701e-08,0,0.45,-1.96701e-08,0,0.225,0.282843,-0.282843,0.225,-9.83506e-09,0,0.225,-0.282843,0.282843,0.225,-9.83506e-09],
    "faces":[35,8,1,3,9,0,0,0,0,0,35,9,3,7,10,0,1,1,1,1,35,10,7,5,11,0,2,2,2,2,35,11,5,1,8,0,3,3,3,3,35,4,0,2,6,0,4,4,4,4,35,7,3,1,5,0,4,4,4,4,35,8,0,4,11,0,5,5,5,5,35,6,10,11,4,0,6,6,6,6,35,2,9,10,6,0,7,7,7,7,35,0,8,9,2,0,8,8,8,8],
    "uvs":[],
    "metadata":{
        "normals":9,
        "vertices":12,
        "generator":"io_three",
        "version":3,
        "materials":1,
        "type":"Geometry",
        "uvs":0,
        "faces":10
    },
    "materials":[{
        "DbgColor":15658734,
        "DbgIndex":0,
        "shading":"phong",
        "specularCoef":50,
        "doubleSided":false,
        "colorSpecular":[0.5,0.5,0.5],
        "transparent":false,
        "colorDiffuse":[0.4,0.4,0.4],
        "depthTest":true,
        "depthWrite":true,
        "colorEmissive":[0,0,0],
        "visible":true,
        "opacity":1,
        "wireframe":false,
        "DbgName":"Material.001",
        "blending":1
    }]
}